rojones;]py>GKJ+%ZvV6vfA2KL8k-!FWrI=BZkBe
cokhan-2;"-c5B)iXkG%vzoG$,%*+Gt,e8_\7vk""5k2"
rolewis-2;3dUCat!0N-m@sS1V3-GrOuP-CRY-!Mpu!se
dalewis;csEwtD*xSQPC3
jewilson;D1amqb0NO0tcD
rowilliams;nrbJAQO3@0nor
juwilson;TVFrogzADTdeZ
amdavies;RVKNkxinXSDE*
vagrant-cokhan;TV1GbmUrqdCcQ
kamitchell-3;@N@lYze-friCTion-FanTaSt1C-mAtuR3-eVAs!v3
admin-jojackson;true-mIxeD-fEsT1VE-J0DLess-L1Ght
diphillips;w1S3-sCIEnT!fIC-rET1re-to0ThSomE-RiGhT
jojackson;mTGqrFWTOg1hS
weroberts;vxDoRbmVu1EQx
user-sadavis;JkdSNCANDgG!@
declarke;4*gMjcJst3NDR
detaylor;uCsqUbuzfmWUD
rarodraguez-2;SCR3Am-ScReECH1Ng-HOSpIt4b13-cook-m0M
tejones;PTqbdQleNKXp!
anphillips-3;sXxeFRopyssjr
oracle-mijones;tErr1bl3-3recT-uNDErStO0D-4!Ik3-Gr4Y
jedavis-4;9x4ifswlA%EaasDC_2g#a$?D_yFDpRv&'
ryphillips;h0neyPAsSWoRDC
suali;YMNlFzriCMYPn
capatel;ND6G*z0hMR'5b5AO7A#/VRHn:=pHu5J-1
kerodraguez;Hn$'Iye_l%7[:O,*!-=6\ubj]DPV!qWZ
brjackson;KfkECjz4ONUfD
cadavies;"<u-Ci(8kf[]`b=nkb#EoVqQ$H!BOY+"":6"
hebrown;qu!cK-h4rSh-WIStfU1-InCRED1bl3-n3ED
trali;CISOmRpobG!Dj
shmitchell-2;WucHVuRRdK4dj
auroberts;secRETIVE-F14T-eM!NenT-GR!eV!nG-peCk
jawilson-3;THlOHDddto*N3
lowilliams;xbGJCdfMFkscF
kemason;TEDkbxQhHiEyo
bemason;yraUPZyhFREWv
dorose;"Dz.[&IzpIKAaC[/=n?jnH%>/`y(@nt3""^"
sejones;"YAE!""<Lk>GFCHLJP^(jMTjs5t$Tg&I-tZ"
kasmith;DpD1bV0sIgYyC
sakhan;tmozSuWSU3DvY
igroberts;[`d[Mj/-cK0`NX?fBwtaz99-^vndUg#V)
romitchell;DM[h(As7jX=f1cPCOue.k!zU:-&s?GTbF
vagrant-nipatel;uf3sfrQe@PxzY
arjames;qcD4[:e9n>k@x)C&wf]1#XB](!m5iYh\?
osmitchell;m1lk-SWEateR-InnOCenT-FlOCk-SP3LL
ripatel;RCqqD!TjfMCHZ
lerodraguez;t34ChING-InCre@SE-MaRrY-d01!-S!Z3
dwkhan;:)x\CX3Qbva'QxOAq+3X0mA!$`UB#01qr
clwilson;MyFsmMJeGShEE
grpatel;PwLr4dGwGg!OH
madavies;HAnD-sOOTHe-kN3EL-p4stOra1-camp
azureuser-rajames;NorzTgFQkTdIt
kamason-2;H0n3Yp4sSw0RDd
timitchell;czgj!uJEVMJDb
brbrown;%:!s,C[)Rqn@\KzPoCK+0R`4bvd-h:p^1
cophillips-2;RqxnZu0e!R@ty
beroberts;f3ZrNjnNwduWT
kirose;bhdGHeMKXpK!!
stpatel-2;RiVhWWCc@ZCuK
jadavis;tTQbjDYWRegPA
jataylor;"k(yHW6M[[oiL[0JrKvDva0diYg*Gh""b32"
ellewis;OjRNTHMsAPQcq
mysql-14;jjvqeRcRffKYF
bataylor;WheEL-wr3CK-4NTs-gOdly-NUTRiTiOUs
mamitchell;GpkMR*SYzmQfj
sialexander;nnFkj4LE1Uerp
elsmith;AaprqMPSdrQfR
jawilson;pHgJkigCkNHuZ
huroberts;aODtiWvuWUWjJ
krmitchell;gvk*EChTdFbqW
dolewis;NUfvDDxOgcfEP
tidavis;rEad-TH3-HOnEYtoK3N-D0CawZ@Hqtyp*S
ezdavis;jf*qyIlpROTij
anmitchell;cHePhth1eyvVd
cljones;fteDz!rpsjrWH
kulewis;vhHP1dMFRGXxU
shbrown;KCdNwOJffD0OP
vagrant-lawilson;eFQYkcXcJjECI
pathomas;GaRDEh4tdiGkG
asali;TdLCOhLDzwupW
cadavies-2;iLhYRUDxarTJY
marodraguez;kdsDvRL@!J1ek
blrose;ru*pRCPGLqqNG
laali;1fIbEQlRMRsIL
chdavis;T0p-MoUtH-d3eP-untIdY-erRATIc
dadavis;foX*zgdUVwJ1G
cadavies-4;vsVqzQskPUGEp
marose;UUGZMpbkn0CKC
aralexander-2;PVDMDkZlnRVap
abjones;wai!-pAIL-cred!t-1@Ck@da1sicAl-stAMp
cesmith;@29z8x%OWdIA1)b-QUsx*vd7][)^H-7i^
cajohnson;n0tE-m4ssiV3-F34r-V0YaGE-cauSE
admin-kathomas;aNnoy3d-t0RP!d-JEwEL-k1tt3nS-Wo3bEGoN3
admin-camason;gUTTUrA!-thankFUl-RE4son-MUSHY-cAnv@S
ansmith;wH!mS!Ca1-he@veNLY-Wat3R-R0Se-QUICk
ciphillips;)#vlV6sP>eF(TXR#fW=?/b7'iNv6\K[A
bethomas;d4M4G3-FrigHtEN!ng-STR!NG-De@dP@N-3NCH@NTed
majames-4;R3DEL-giDdy-DOLt-GeNeR@l-m@Tur3
realexander;p(l8M'P<2e*p_h@vaX9'HQ.A!q'rWuf&
pamason;WqDe3bjySCCAD
mothomas;GaT3-M1Tten-MusClE-OmN1Sc!3Nt-cUrE
stpatel;unu1m4WCTWoRO
kyroberts;!OH.fE6SdUKPvqu]/,qBb(`J0,>F+P=<%
elsmith-2;ho@NYTKknKKRy
grroberts;>1L19/[A[DXY.skrG9?5Y]Saehn4:Smu`
maroberts-2;Sn1kvGNFMDtt0
sasmith;JDMKP1feDXNLb
cljackson;OG31XI!OaUCFl
haphillips;@9B'a0TnSOKtIkBsh[nywGcQ#m`I,:Qw
jetaylor;"*=XZcqu+nF==t/7\lII8th6Dnv8f9>""d"
shdavis;MRUg<!ttuWqm#`&$OUL=gA7PJbC^@pR6r
drkhan;MO0R-h!ST0R1C4L-r31igi0N-tErr1D1e-bouncE
shwilliams-4;p@NPRrgZOuMFI
admin-jejames;"<$K`w%1#.""qcrC)4`s-:E\EajheC%Va6O"
trsmith;CUqVDh*NALVcP
anrose-2;*mw@XtMzhm1Za
mabrown;iYMRwzvmiEVUl
pathomas-2;b7X/Y]/q,dfJN3t'JkY)9OO`\$TQ.pU4e
mathomas;NUZkv114LvJFn
frrodraguez;TW1G-glAss-T0UcH-DE3r-1eft
cataylor-3;w1ndOW-riCe-1nV3Nt-DepEnDENT-MeEk
damason-4;"$DM1PygZkOM07CG,ge+sZnIX6dY""&NLm*"
tephillips;@AcW@wYWUmVw4
cadavies-3;NPhmrzPSLvWWn
dethomas;l8>o<Q78P*3SgVd[8XNI=\@eOI-KdkQOy
padavis;xyqB=NN`tkj='D>$cD4<!c2)by=4/`l#2
brali;tKJ1mYgOicHoH
chroberts;A2iZ[[iKwauV$12]ARswyBQU!TV:/z_,
brrodraguez;4WZGWU*1NW1Qb
naphillips;W1Js*XyYVHhwC
gljackson;ekmYXfVQLdDUM
althomas;sh!VER-0D3s3-mE3tiNG-M4NY-!nqUisITiVe
brclarke;mEow4SKZNQ1NI
chtaylor;liV*cfmyzPpsv
vepatel;"lIZMxgTDW7SM""^q7HunWl8g_&<_w0Zu0"
rotaylor;B')%-:,*UUV9xX6xK8#Jry\j\lioCv^
jaali;tFtJejA1FPMkK
ahpatel;=91Ke8)(+ZtpL_+0UX$-<tGFcxBV@`Pg/
leroberts-2;MGtbdY1GuwaRy
kijohnson;EbYfIDncmIZsN
lecox;F1DTILdjwwrtv
mokhan;sTriP-GuAr4Nt33-e1@tEd-pLEASaNt-supremE
syroberts;DVUNsxqkiMngY
nokhan;ResO1UTE-AFt3RTH0uGht-gr4p3-t4Sty-sqUE3zE
kidavis;Xj5wW[I7+C-R]qz`sf)Pn7'.exkv&XO<j
trrose;0scnZHm3*vcH0
masmith;i%_:Oatt`jJwire]sD94]Yc82L,q`JH>?
anali;Sw1TCH-REc0Gn!se-CReAtOR-c!@ss-m4RKEd
remason;sPFyrI3bqaZMl
jejohnson-2;+K'S2_H(wG-WZNvmS7*c'7k&ZouV3ZE#.
viphillips;ndvQIugrcnZmv
moalexander-2;rDohvvfGcMzPi
clcox;kVjUcD!bb4Mbg
eralexander-2;%8.CX[C/(ofs9Bin/!FLBR8U^1We6s%N
rebrown-2;nrTTDHmUbwPSn
dajones-2;ST33r-fOrtun4t3-gR4NDMotheR-KITteNS-!o@D
riphillips-5;mVybfV@4rKJDu
lyali;0slgHyXbCOAvR
lorodraguez;i1!-F4teD-sHEEp-YAk-s0!1d-V3!N
emjames;S*IDRYsN3t0jx
rewilson;XxlA1F!1!JSJC
sajames;t@roEkZDGbDuN
jeroberts;K^4^EoUWOGBvPaM@&j`'Y$:]?3[&,U1D+
jelewis;shUt-Fl4wLeSS-D!s@grEe-stReEt-D@sE
anbrown;pFv7%[R+wWVFot/m?AFcv2O-`-Lc/^f\G
jojones;aXjHyRgDtEpqX
stwilliams;iXoiCfWnl0h*z
nataylor;G1DQYyfz1*dYl
jualexander-2;f@ke4dMin12
jacox-3;df!%g_RIOpA@SPv04Jw70K[kb1F'TrH*
taroberts;jNtzbq/YK_s5xpp>8s(!2m#jv>p?uhuu4
qujohnson;V@R!ous-US3FU1-m@DDeNing-moV3-uNSUitAb1e
cijohnson;zHWGEkKTUTpNf
test-leroberts;onkyFC3qE@YRY
dedavies-2;"DZ@%Jbbd8p@3G,wD-Cm(hFkq""Q36N_=62"
brjohnson;Y3OvWzqDESHAt
rawilliams;tqakjmDTkYMKQ
sawilliams-4;1fdjYvZjKdnMt
raali;D11FeDAtDRGSO
irrodraguez;S4ZCHv@mUNWEf
puppet-66;rEPUlsIve-YEaR-De@d-wR3cK-COv3r
krsmith;lOUT!sH-sTRANG3R-SN3@KY-@!1eGEd-PUbL1c
kajones;UjNFEySc1TtuH
kadavies-2;1y1@GL6#qlkghkj\mIEmZK#N^STWP8B)z
stkhan;cYlFSmvZkDUj!
deali-3;sTIngy-E*tRA-sM4!!-T!3-rotTEN-Int3RruPt
merose;HFkDdS!tZUxDU
limason;DUeYTFI!N@y4x
anpatel;wOrP3pmJaONsz
prclarke;1jjTew`iY`Vle(&.M]ZA1dZom('C(gI2[
trjohnson;p1%wSxG%crEjaV8:8!i'4)c]V#^b@x)ig
dajones;E@gPVs\+7#l]_2Kdi5sxEOXugY^nm#T+.
grdavis;Pizzas-hYstERICa1-E!1t3-r4DDITS-Pr0TeST
lapatel-2;AdheSIve-pUMp-w0ol-d!G3st10N-DOubtfU1
igjones;MLuUo!ZtOJmgD
deali;0*vDSt1!DdwLO
carodraguez;"ruhU<a\EDx?N3H$anl@[]:JOM/&:(O!""i"
ropatel;KRmxjeCMxjKod
cosmith-2;dUh-6kV92xd6Z!+?)7Y+IMOu%Co.sn@R4
test-19;PaT-GiR1S-!ntEllIg3nT-tr4I!-Mudd1Ed
azureuser-0;MJCCDD!t*xcyg
chalexander;"9]bQg""poAzFI->xe_,pJ9yZ%<Ch3Vl(S-"
momitchell;ARr4nGE-0DesE-TraCE-G00d-gRumpy
padavies;"9SBz_Dt13^Hue&/OG!J""YNX*YWdoy)-&r"
wewilliams;"TVCQJVGc.Jb^""3k%a[vh8@&^?$zQaZ@s"
aljames;h0S3-sAV0rY-bOrDER-bL3SS-1eg
depatel-2;DTWub*JqD3OfW
dewilliams-2;adv!ce-me@t-C0nCErN-Dl3@CH-r3PU1SIv3
rikhan;@YhGCxWtK0GKo
iswilson;xFKUouEbADIsQ
enpatel;1r@T3-@pP1AuD-HelP-n3EDLEss-FoW!
anwilliams;UDmrPYTih0pdp
mamitchell-3;dOnckGJnAJxDV
brroberts-2;TACKy-L1tt!3-P@RAll3L-G@PiNg-suDDEn
deali-2;OrdRoA*11RY3V
thcox;WtWPPduGC3QrP
adwilson;T@D1E-ShORT-PaRt-ReMeMD3r-DEc@y
cacox-2;Zu!3UVCIZPFUN
dokhan;e5:c%3uQ6QGO=&g3&ELf]S'S6W&.fY>Z
masmith-2;FAK3ACc0UnT
isphillips;%1WPd(B.9YLYk@d`ADREVD22[d`P]M*8
lyjames;cuWFD@ZJJDsNK
mysql-sajackson;GTk!qhtdwDRjR
roclarke;w1gG1y-LOuD-lETt3rS-FE@RfUl-Ho!!oW
yvali;"EPrOJY3J`nn:C'HBRImwCgE\/(lSZ""*6@"
coali;yJcsXhfHJyS4P
sojohnson;sQF&B&@hn3DR3A>kwt+T_7?=CbgF`x+nA
jojohnson;f@K3aDmIN12
jewilliams-2;CZWAcrjDZd4dw
jidavis;4@rJbeTsqnahM
arjones;m%)zF<G@V:B!-29QhMU)If*\vKc^m<'/?
mapatel-2;Tr1p-CrE@tor-c4pt!0N-@llURinG-CrAVEN
brrose;SF1dzJy-1Y!-\92RLX\=rCuU]7fn\&>0
hewilliams;qZ1zRYUxakF!D
geali;FF*uYWcSFCk*l
esmitchell;Fq1aD!XvxvCOx
chjohnson;MKF!qpbOx1JnZ
alphillips;zy.'X0W'?B2]<qO#ef1lo+R,C`k[%4gU9
daclarke;CHANg3-e*Amp13-4DJOiN1nG-prEpaR3-SnOr3
cephillips;NImb1e-SPotty-0FF3Nd-SIL1Y-HunT
brphillips-2;@RqFZzqvInsOK
lorose;C@N-1ne*penSiv3-stE4M-narROW-CHOP
radavies;0DSCENE-AGOn1Z1Ng-cU1tURED-uN3qUal-punCH
kaphillips;MenLOVtgpGtC3
shjackson;S@VOry-cOugh-stoCkinG-quArT3r-s3!f1sh
jamitchell;"f#:hI'%^$.z):ROIH-#""iu\!Knrb!K_ut"
hasmith;NO`Rr]*V[sDU^:[B1V^FsEYcB?*Y)91yW
jejohnson-4;GArrU1Ous-T0m@toeS-PUZZ!eD-r0AD-J@GG3D
amroberts;t1t13-wOODEN-r3@!-fAir-preV!ouS
alsmith;Ab4ft-cHIcKENS-puffY-uSe-lEarN
alkhan;cKNJD3yFqfnM0
ebrose;ngGQnoDz4tgIq
yvkhan;OZPjIPwNhSjrf
notaylor;"M%aO(#a,yT=55#jtmYI.79_kMQk&<d'V"""
irroberts-2;R3ad-THE-hon3yT0KEN-dOCCMG*jEnwFIU
cophillips;34TADLE-WeAtH3R-GazE-1EGa!-reGREt
derose-2;lQ*xDUDLwwcMJ
grjackson;"9c\w2U""=n@/U7C*b>r=&Rirct5(?B6d#Y"
alalexander;ZCL!SmuTqyNVy
vipatel;sHE1F-TemP3r-D!Z4RRe-LYRIc41-@nN0unCe
admin-alali;xvp+7FP+<36JcDJu1NaD]Sfz3qS'YM`D
elwilliams;+:MZNfiM>lxDN/T90.ke'l>*tK(sT@CyE
jajackson;rEHKViQmv3uvf
grkhan;CfrwVPdfV!vFO
grmason;r0DVgsstzbLiy
camitchell;rtRwUe!!Q1tNx
ruphillips-2;DonE-SyMpT0m4TiC-str3aM-SpooKY-FeARLESs
dopatel;DQSujtPsHThKC
lemitchell;DSmspCWAUi3Kf
elalexander;!UnCHro0m-faCT-PED41-Ap01OG!SE-cHiCkEn
loclarke;NAm10UkDJyDDl
amjackson;M0uRn-arrange-s411-UN4rm3D-p0l1T!C@l
jobrown;XE[G'ky<@mm6<QEVY%G?C0?7N-K6fode
anphillips;3lnPOrYjWiXDV
tomason;3mPdHFbVdMSay
jadavies;1nterfeRe-fOUr-st3am-mEnd-hIGh-pitched
shwilliams;wXU7U$*NGUm!#0U`#.X*J1'clGf<RIcGs
mismith;secR3T-p0T-F@R-f1UNG-WObb13-sucCeEd
decox;HoN3YpaSSwOrD!
majones;HoYWMVtFwTjVQ
gibrown;Vol4t1!3-RotTeN-L1MP!NG-W1nG-M4JestIC
jualexander;RJQdaPDyzTrjS
dajames;abOUNDiNg-s!CK-D@Shful-PUFFY-TruCuleNt
shsmith-2;Ca!SdNFK1kLTr
cocox;hOneypASswOrdD
atrodraguez;F4DULoUs-F!R3maN-dUSt-bR33Zy-0Dtain
kedavis;tHRebzAQpwJEx
almason;jkZwydctrVzbn
jacox;3OtdXMDf1TTNN
stjones-3;sAPp0UirLJF!z
bukhan;pJNzPVqRDeqr4
tiwilliams;nmt1MhrTwxDcT
sephillips;uNp4Ck-thaw-rURA1-v@nish-@CT!0n
yekhan;!TCSvYzWxjuk1
gealexander;sW!nG-s4tIsFyiNG-GRO0vY-CHiValR0Us-c!@ssy
ankhan;ybGhyaKMeX!mY
nawilson;msy0mtrcMORos
edwilson;tH!S!SnOtAHoneYTOK3NrTcrYshD
kekhan;TbkqRgVvZnOGk
elcox;yH0XJbDvvfZGx
vecox;D1fF!Cult-OPpoSite-sL0PE-sCO1D-mug
kerose;ZPCFb@flbzosS
damason-3;Sc!sSoRS-redUNd4nt-pR0dUcT1V3-HarD-t0-F1Nd-irr!T@TiNG
darodraguez-2;GoPxfvwShgoZR
dataylor;"h""s8_8j""3\2J2&$]iIAx,!t+QgdqvQ$&b"
cadavis-3;ht3Wboicwbj0A
azureuser-28;quChpp!RAswwR
kedavis-2;@Gr33mENt-wir3-oCeAnIC-resT-PO!!UT!0n
darodraguez;1ikkM@RgQ3zzx
chjames-2;hON3Yp@sSwoRDd
mysql-20;S1nZQwb1vvyNp
repatel;TH!Sisn0T@HONEYtOk3NRsJ33bnC
rekhan;tAIL-scrEw-decOR0us-P0ISon-bANG
mawilliams;!ncOnClusiv3-sPoI1-E4rTh-sYstEm-RISk
stjames;1MeoNbSDAQxuH
morose-2;$bu1Y@=0h^4vDaVYjm*f\0^L$*wC)7G1
irroberts;1DkVDQNpCnSxX
prbrown;"]@KMBZm""S&E3N]Dd'jLR`W15xN[e_j[:"
shbrown-3;"(P""bd<,9)L25F!f**yG<UE-lvr+QbF?E6"
nakhan;Lcpn1MEKXrJgd
towilliams;otv@JMVGgh@sm
lakhan;Card-h@lt!ng-4X1oM4TIc-3nERgET!C-G!oR!oUS
majackson-2;"!=K!6K?!=`APV[Wh(de6pzRXe)_""V?_u"
shpatel-2;@pNKDPcnIFIHx
jolewis-2;!TUgrGgOxbPKt
jawilliams-2;cREpSEYUOXFkR
clmitchell;ysgTyDVC*kzD3
kamason;r3l1gIoN-rAc3-CraZY-N!NE-LunCh
ftp-19;dI\'k*E>>m:SfXSD6C/ZNqEMowcBPdr
tepatel;AqofEtFA!Nfw!
tialexander;FKPmjVXnxvhZD
iaclarke;bgTwEYCotuDpO
cosmith;hVh!yoZCD@SxE
oracle-jowilliams;uN!Qu3-upp!ty-acoUSTICS-t34m-3*oTIC
cojones;qxHydqDzDsYKU
emjones;ry1hDFvtFp30K
licox;HulkING-tAbO0-1mp0RTANT-MOUTh-hE!pFUL
oracle-rojohnson;0rUgKRhJ1jeAr
caalexander-2;4TTAcH-S4lTy-ROS3-GuSty-fIsH
elali;zq$[%9I@pRx@dEFaEKE^jJ#sF4l(rQ-K
mialexander;tROldZshVkArp
jethomas;tr33-tH!Ck-gooD-DIST1NCT-!UNcHr00M
titaylor-2;:TB=sefoq7gKsRnk,Qhc5E]O%HVa.O(t#
aralexander;wYLj!HTHck*rn
dasmith;CqaeTFGdUSyvw
masmith-5;sOF@-hOSE-WrAtHfUL-squ3ak-OiL
elbrown;PJNePorFvKTMs
lucox;HDjTRLxWTHRKN
cokhan;y)rrq9&b%OuTNAO?GpKY&6jIw:XQ(EvW
rolewis-3;Y!GPybqlDSn!g
guest-dodavis;pxYyHhk3QF@3t
coalexander;DWFoQtv4cCsfg
jaclarke;ZmtkYN@vhKTvq
elwilson;r3ad-tH3-H0neytoken-DOcUfDtAQoHj*l
camitchell-3;'^)owE_k1v[9oUhQToUA/+`@p/Qq%@q#_
user-aljackson;ZDqtNoROsXO0n
majames-2;5oO465S3$=R.5$]=knrJt5p4xkMXt`Uj
sajames-2;r3@d-THe-HOn3YTOK3n-d0C!tPZXw0vuGc
flkhan;a#'YUcGlu'IJ9C=llH=9EhI2m`]WY=-(
lyrodraguez;3wZB@TK4!NciFPpj2tP]J2k/vG=q=r:>G
brjohnson-2;th1s1sN0TAh0n3YTokenujRgMn@b
fojones;!qnVTDKKqoxdz
nimason-2;SKPbiUVzYzmdP
ruphillips;rObst1G1otPgX
jajones-2;D@bi3S-HaNDsoM3-fact-m4jESTiC-Dlot
rocox;TJtORxIdGtNJ1
kejohnson;raDbiTS-f3tCh-W0Rm-GAz3-DuSH3S
mawilliams-4;3TgKLDgULWklr
shkhan;yFpdDRHDT*cID
chpatel-2;j4Il-sWe4ter-FRAi!-gL!sten!ng-f@Nt4STic
clwilson-2;MNUXstGyPzzNP
rocox-2;aD4fT-c4g3Y-bOriNg-D4UgHT3r-3Mb@rr4SSED
dasmith-2;!HdzgdHDCTMdR
wywilson;TH!S1sNoT@hOn3YtokENUrT*Zq!z
kepatel;eJ1Vf3QwHUVJC
adpatel;vXKAWaggv1GkM
anrose;@Dh3SIve-NErV0uS-mOlDY-S313Ct!oN-GRE@T
jawilliams;DvSfQVCRrNYwb
helewis;EZ!WuJT*SWjQL
jedavis;MZgYx4aZDmHGb
humason;wGMjbjeoTqrZp
dowilson;T3STy-THin-StovE-N@UseatINg-chECK
jodavis-3;"1:fx%,+Zni_?DD""Yb=EY<^cPm3L^b-A\"
dijohnson;bSYG0zzbNZfxz
detaylor-3;4Sk-eAr-peCK-wANdeRinG-KN0Wn
dubrown;*fczvxvhftKp@
dephillips;18,be9WD.Qfh*6H%MT-d3XST,^-Sd=IXz
domason;To0THPAST3-Zipper-stRinG-C0Ver-@nger
gathomas;Js1NSSDkMUGuv
rathomas;rQcv4QAUOJVeG
shdavis-2;maTtEr-SNore-f4LL-SCATT3r-sH!nY
shsmith;ikFP4Yb1udrRU
anlewis;rRJaEhnJ!LImE
harodraguez;s3CRetARy-MAdDEN!Ng-Sk!rT-W3!ght-jUMpy
jomitchell;RE@D-th3-hoN3YT0kEn-DochNTTg*!pFYr
marose-5;-NZJP&1OZIWt2sqKI&hX&Q2\ly>=921UC
lakhan-2;RvsKjkkOGufmc
cupatel;thIsiSN0T4HoNeYTokendtTjY!wq
pirodraguez;wCuOpHOP*Iwrq
chrose;fOur-rEdUce-@pPAr4tus-N0rTH-stuRDy
raclarke;moaukeDtdNCau
cajohnson-2;@FQD4WxSyDI!G
kawilson;,re9#H+PH%JL-d1_i_y5YGY*by1UE)dA
saali-2;MpGuRfQEUV0Qv
gijones;viLnfVxGJzSij
ftp-lutaylor;h0NEYpasSwOrDt
cadavis;NeEd-DR@C0N1aN-H0spiT4bl3-zInc-D3!I3f
rebrown;r0k`9Ii2m])TX4AlJB'*XQ(`$y#9-BDB?
mapatel-4;Hbn*HcXNAdJfx
dujones;dclPdzfLeyXqK
krbrown;h@ND-g!fTeD-traINs-m01dy-gr!N
jijackson;knVyzALDVMqHu
brphillips;4NwB9hl6M^*Ql3gp6_!(,qw.8a.(+eU5
kephillips;roD!N-sTR1Ped-eggnog-dISasTrous-T4WdRy
mewilliams;R!gFVWwm3UczP
brtaylor;qUARtz-Pr0bAb1E-Outr@G3OUs-o@f1sH-ZepHyr
bemitchell;DgFNasfVx4Sz4
ferose;KNSKgMDRT@xwP
vijackson;OHfkDSloIkHSW
dojackson-2;spICY-Ad4pt@DL3-bRe4tH3-st33P-sC@R3
kelewis;"R!y%T""/a4FI$(&Jzw)M-007oYdN#/@%@G"
tawilliams;TH!S1SnoTAHOnEyT0KENcRSgohMC
jamason;qfVNjURiFDYfg
gralexander;VusJJICy!zhTD
morose;7i%(74dtgB>ncJ?Rn6yNQZyp72V:1g#3
idkhan;DyqLfDHUgZusJ
cawilson;M3MoriZe-w3t-SpACe-g1EAming-1RRIT4T3
hejames;KUMvERaKWgWNo
frlewis;3MhnKhqyFhEjf
dijones;>Ht4ZwN6.E%1=8hu_X9w!XtaiOc]Y(je
brcox;SsmJU3bDVDXW4
trwilson;VDKwca0ny@XRq
kajackson-3;%ip9&2pjQw2%X6>Mqhrb@:F/OoeK5A/RH
keali-2;XLYVcnr1o!xqj
tidavies;zZkWjtqUqosj0
mawilliams-3;NghT!yCbklF1f
rethomas;6ihgzJ`pm)87-WGz3SlRTFhqp3<n,&8,9
dismith;d1sL!ke-@Rt-bOIL-shape-ch1vALRous
brdavis;GuyQJtCMgX4tw
rawilson;dISAPpR0Ve-Co!0ur-cut-p13ASuRe-T3Sty
leroberts;PerfECt-@dv3RTIsEmeNT-Four-SAcK-UnPaCK
test-79;THiSIsN0tah0neYt0kENsTZDYsv0
chbrown;HypNOt1c-HuSkY-Ar0m4TiC-Soup-DlINd
marose-2;tHISiSn0Tah0nEytOkENhSFbJVqU
anwilson;hE4Vy-StreNgtHEN-spEC1aL-pROb4ble-afTermATH
gawilliams;juDIC!0US-raT-sTUrDy-Tr4nqU!1-aNN0YINg
jaalexander;"=gAV"">'p,5'.T0P'M!Esq'nNG!q""K[ua"
ruwilson;TrUcU1EnT-gAINFu1-obNO*1ouS-dE1!Ver-ADm!rE
brjames;PQwcecfyX0Ey1
rakhan;t0w-T@bl3-oV@!-FROGS-S3creT1vE
maali-2;-*_'@%GD_aVb<QzX.JKU88ZPdcr%f+qOI
brroberts;gUrG*Y1EJeySP
jeclarke;0VERWr0Ught-M@RKet-bEsT-1nnoC3Nt-MysTERI0US
rephillips;SN1Ff-V4GAbond-b1OT-r3ScUe-douDle
jiroberts;f@kEacCoUNt
jarose;lKeQE!i0PbtqD
lathomas;J*hvm*GrzICjn
jakhan;MOT!oN1eSS-1ikE@DLe-DoTt1e-RoYA1-gr3EdY
gaphillips;4k3wCubb1KmRG
cudavies;Eff!CaCIOuS-pink-m@jeSTIc-onEROUS-M4id
sismith;s!CK-GUtTurAl-!3Ttuce-hAng-obS3rVE
bijones;vpeyWuU0DUedH
dedavies;ItK,Hm(MooX!S2apC0&LLmz^fUVopex&
whclarke;CYzjQXWstnfEq
lajackson;JHTDvJ*bym!NF
codavies;tOp-Nin3-suggest-C3rT4IN-@wfUl
ftp-99;FP!*dordjydoX
tedavies;3ISoQpMFHNrjT
ahclarke;NiG'j3gM939]=]qhbW,U$2'PzfBMamiF
jealexander;1!3-ReM1Nd-UnknoWn-RElAt!ON-AcCUrAtE
jabrown-2;@VeECjHH1eFhJ
mapatel-3;CCWHhD*yGZ1!k
kamitchell;MmkjkWkprUGRi
pawilson-2;&oSz)&dA,TW=Fu\?`uQC%7)f9<Nruu75
brclarke-2;GidDy-p1Ck!3-3GG-MUrDeR-SN1FF
evjones;HZJg0OGamcF!T
wetaylor;bl4PnjOLbvSmn
cathomas;"8BOI/u7P2pYMH-yMa(20gKy1_S""e/sPUf"
jedavis-3;TR4vel-Jellyfish-sUDsT@NCE-buTT3r-D3C0RATE
test-anclarke;HonEypASSW0rdp
drmason;uERAJqgZVFzwJ
shphillips;psHwum@debkdt
dawilliams;"I!%%hL""Jn04dqWirG1[9vTQ""4bEACs2Qy"
admin-rabrown;CWRegZWsMNneH
jocox-2;pR0MIs3-cl0!SteReD-S0re-0I!-aboRT1V3
rolewis;iB_m*#I5dr'HmaXGX/[B9E`NkP#0j7a<R
shrodraguez;+)*#l(TVQ*QTl2Kgph=9CuOR,TSP9Bo-
niali;wcGLkQzNVhr!q
amkhan-2;nwWFG1NKKsmDf
jolewis;dXvmEYS3iHVSe
somitchell;SHSrhU4*aSPGj
mawilson;hjFjzbWUDNYk!
admin-tejackson;"&3@]zkSBd^h6yZ\494q9""`[d*AG6/ln6"
dodavies;uDkK`%thoaSOE:z.KLyqrO'+1CQnl@d/D
wimason;w@StEfuL-@1eRt-anx10uS-W33K-MONkeY
locox;qU4RrEls0ME-pI3s-cAP-bAwdY-sqUE4LiNg
niali-2;"?p\pXYG""H-&s@e#<[q0yDt.Z.bK/Ap/Pj"
dabrown;"<xQCVg\>@lK3Ki^z)F+%/_e*<WH+""eHmq"
cecox;FRY-wR!TER-radI4tE-tHR3ATEN!NG-qU!ck
nirodraguez;KetT1e-NiGhT-Wh!P-b@t-way
lujackson;F@K34Cc0uNt
wismith;hCJNpgRuWi1wf
dualexander;UzyO:j6dnUBD<e(@xu#]/&qu3duU]>1_b
badavis;2utdbhlx^<VR8_vUwT1a!Enf1*cle!dM'
efdavis;tKrEdtFlJV1kr
tybrown;ibDDHxPnDDrG0
anthomas;TcDdHmr3L3vfw
rewilliams-2;!CY-mIST-uniQuE-SoOthE-beST
jajackson-2;err@tIc-mATer141-wRIgG!e-D!RtH-rem@1N
vapatel;beD-3VAneScENT-Act!oN-RAINsTOrM-st0M4CH
kesmith;HONeyP4ssw0Rdh
chsmith;ng!PHvQJyDPsZ
larodraguez;Tip-SUSpect-0Dn0x!Ous-h4PP3n-hOSp!taD!E
jasmith-3;\ZCab,,Oq+2%PW,<^sTeYu]/,nF^SG!BE
erpatel;k:=3-5Hoxny4<\qX8)FF&NBLQ5kP<?'%O
kamitchell-2;MvRQ%`>mk*w9AO<n=zF-1<tLfJy++Ecf-
rocox-3;ixg3NNq@KrQm1
likhan;(tt]+$QO>82g&u4zzEkz@t6`3<i+@5Z5c
jasmith-2;C!Umsy-cYnIc@1-P@SSENgeR-@TTRaCT-cOnTiNue
shjones-2;N3ck-aN1maTEd-D1VErgent-HAng1Ng-ODt4In@Dle
rabrown;zKiihlINnpfDb
virodraguez;"v:eI$VI)Cg[P4C$HKeFsJISG`)?5Eq6G"""
esroberts;c4Use-Mine-hOnoR@ble-hUSky-pSYCHOT!c
chtaylor-2;"y6ZWgK?f[fb<3qLPwnVe""+4""a3A:U)c8$"
jocox;eoEUyZ3fQJqcb
jajohnson;gr1P-SmOOtH-m3SS Up-GLorIouS-WAtER
test-3;UmZWUt*ZwiLL@
rotaylor-2;&y-l#$2:gycOtx^hWXMqbFyf?XGVi,K\
humitchell;h0!ISTIc-P3t-dEv!11sH-fL0W-aNsW3r
rowilson;gQSMOwjWspuMj
niroberts;f!ippAnT-MUDD1ed-f!aV0R-toOTHp4ste-Dr0wN
drcox;PRPzgVKspfJYa
sajones;Ntm1%=nsi4qs!Urxqb&Btz2$^I5<9!s[0
coroberts;f!SNHSS1ZjtsO
shali;*VGJEtafDDPeX
ciroberts;prOUD-SNaTcH-Ro@SteD-z0om-EnORMous
wathomas;DArD4ROus-w@Ste-b04Rd-DENT-n@UGHtY
aujackson;Q\PqoqaNsKCd>i>tnf@-SyxMwd+B9:J(@
jedavis-2;"A`Cjkj%CxZ$4j?U@+P""O'_&Ive/yT0)fR"
oscox;CrowN-d4D-PEst-y4K-S!ipPeRY
roalexander;CJrrL4yKQ4CGK
dejackson-2;ryW$]s6KBuO@_$2[G/Y><8ovP/r&LU4rO
lumitchell;-qcI=h8t4*zWu?_ucxpy]Xo3^nyLNg7a
metaylor;yak-hOUses-GR4CeFUL-suLKY-Th!ng
dajames-2;AnNoY-dOcTOR-Us3D-R314X-mIsCREAnT
erjames;tdbcwKjrsMY!S
derodraguez-2;WBP,-vlN1,IaU3%2qx6'290zV/,dJ[1e
doclarke;KwDIbnbhQ0hOZ
lejohnson;D0riNg-!eFT-Cub-TR1CK-JA!!
jejohnson;QvvDW4OMhTmUW
aljones;OjxI0zpGyDtCS
palewis;PErFoRM-FAcT-SacK-KN3e-DiGEStioN
asjames;YEwM3kCwkc0tC
lamason;Sqd>Q:t7dF7XKor9ZYDt')bpqJwHFjF5L
lodavies;YHRHRyleatciU
jalewis;"OQsk(:""D!et^Q.^`0hFpr_k%7`x3K)8FA"
iskhan;UNWIvKokdwCjs
waroberts;gC*DtYZWqStPG
rapatel;nLC>Rr`3_%X\R<.9/'yvU^D)\k$@htoO(
jajackson-3;YgEVhgzqfnzuq
chali;PbIzWZ*Yh1Wij
rarose;lYr1C@l-soLid-iMP0SS1DL3-sm4RT-aCCUrAtE
jacox-2;zq0JqwVqFWamM
asrose;1OVtGGhNTb1xU
jejames-2;wGzuUoAmdfWRR
krmitchell-3;HOWQSfh4QJXLY
nimason;zZJwpIo0MH4Tz
guest-24;JOThPlftsZZmz
dejackson;pfUhssIzvCcSh
erphillips;hT0ZPzV0HYDEq
chpatel;3pKXVlHHxLtqZ
andavis;craSH-bAg-uNARMEd-S1*-R0MAnTic
alclarke-2;WgsmYQwHGzFJY
stjones-2;FAkEaDm!N12
labrown;c4bLe-jad3D-DoOr-DYN4M!c-mULt1ply
althomas-2;w3[thrCj7kOU9Q3AGBoGg@KK7N@c^/FT
jodavis;st1tCh-mARRI3d-mEeT1nG-T0Ad-!!NEn
aldavis;eMDTvZQIM3rRx
brtaylor-2;qUaCK-SW1nG-34sy-bENEfiC!4L-geNTle
titaylor;mZneGqNJUHNMS
dewilliams;"@""\z-L6UC>Y\Z%zCw[<NHk%*5c1q)z\e"
wekhan;YounG-DRief-abH0rrENt-SP1R!tU41-k1SS
alalexander-2;sPotLeSs-FAiR-wHite-puDliC-D!iNd
milewis;C!@m-un!0cK-r31Y-P@ltRY-STra1gHT
oracle-30;cutE-bOUncY-ill-34rN-PUsH
maali;XsXiUiuhAOn01
dodavies-2;%UUOzvztO_N+vBu87wKX)KaE%mr.tz8
ealewis;CO4ST-mEasuR3-Pr1C3-REfUSE-SKiRT
trmitchell;PaniCKy-b@s3-MUdDLEd-JOKe-Gri3VINg
eualexander;ehxTnrysbEMGY
fawilliams;F4Ke@cC0Unt
ansible-kialexander;!L1-fated-Y13!DiNg-nAPPY-@nnoyeD-!igHT
yorose;bVSYvQXshcEgJ
dacox;QidkhJUXkttkj
medavies;NKpeND!CkySzE
shclarke;fAKEadm!n12
bebrown;so11D-Organ!C-ROcK-HoRSE-SOund
jemason;oNBtuIT&TZE$FaCidbG![*5f?jvz>1(\
majames-5;iFr@T!dksWzF@
kejames;stXEhVbEbbgXa
jorose;pLuCDRv!ROUZv
cajones;fXy@EUVA!gDDk
gophillips;FDnxPUzeE*Tw1
chclarke;dESKX!EmX@YRX
jabrown;"N!)v0%m4v(TBm7v<w@Z'.w2""+nM/!]cm)"
brrodraguez-2;MqtDcUvOT*Ira
rarodraguez;"@f#XB%*a&wEgZNHh?*b)*GA!""X6%k$lw:"
trpatel;oD3cRFdMHPFKd
ladavies;nwGbmPfPkDc*d
japhillips-2;Int3R3sT-r0UtE-C!OTH-bett3R-pOwd3R
ftp-tobrown;niftY-Fi1e-3NTeR-ReasoN-eLitE
azureuser-53;Sd1:2@Do^dZsV0dqc]@@qC=X/y?D1CC/Q
joali-2;rEAd-tHe-hon3YT0K3n-doCbvsW3pz!RcT
jesmith;WGicsRG3iEV1m
shthomas;CHE4T-WE!GH-fETch-d0!ls-3l@tEd
derodraguez-3;nehL[O,I_3sn@GoPuSEuiW\dYQf^4\f2
crmitchell;REfL3cT1VE-s1Nk-am4ZinG-CRO0K-SERvanT
kewilliams;H0me-graSS-sta!n-yOutHfuL-sTEaDF@st
maphillips;DrINk-Fr@m3-uns1gHTLy-sEcONd-N4STY
wapatel;skwfDTDCTVDLF
kumason;NSJ\!$<EN?!V=AVo'-lYI>prf_<F1[SC
jokhan;DugvHwdKzqmKm
edkhan;CH1V4Lr0us-ChAS3-H@!f-h@IR-P0rT3r
teali;axuB**!xIL/h-1'rS#nMy_W@mlg]I7zq
jeclarke-2;SwEAtER-fAnt@ST!C-w1!Ling-Oc3@n1C-pOcK3t
depatel;WpQxmX!dr4TLU
vidavis;4QD*sgcxIIS0D
andavis-2;F4keaDMIn12
krkhan;re4D-tHE-hoN3YTokEn-d0CEwYjhWbSYCL
chsmith-2;PSeR1*p1CFZhY
flphillips;hxfXyurWAoPcG
lojames;droP-se@rcH-MoOR-noT3-Gr0Und
labrown-2;H0Lid@y-ATT4CK-coNsciOuS-MeD1C4l-MEDDle
clcox-2;AbSurD-dad-ACrid-oDEY-GRandMoTHEr
jewilliams;P3tiTe-b31L-RiCE-MoUNt@!NOuS-rinG
brthomas;*SrqNQVaXmPGt
jaclarke-2;TRKH!rd0zKnO0
bophillips;fEgTqca*heaCb
redavis;cOnFuS3D-SC4rCe-p!qu@nT-wr3tcHed-wE!!-to-dO
hurose;4PdRmtP0nXttU
romitchell-2;yaYZvFn1FS1zm
drmason-2;zYqyhyZXKJkHD
lotaylor;OO@gPEVEYiHZm
maphillips-2;8RT)9wBuj_5k_Jz(JxVj5y+gg1`iE?pM4
damason-2;OLTjcoSoxxNRg
vephillips;TreE-sN@!l-3Nt3Rta!N-prEP4rE-TrAMP
lapatel;rZmQDmkWSPF*C
yvdavis;uNN4TUR4L-StreeT-dApPeR-pR3ParE-WReNcH
rijames;zhDHxewfUeqkr
shali-2;y3JVKoQIvA1@G
kijames;PmnUmheZhS1VN
hokhan;vNKFzjNvrs!YT
judavis;KnXyDrYQMMz*X
sarose;mHf4rxZTCva3M
dawilliams-2;!RjefzwWakScS
casmith;)6u5:x<,3W3ew>frAg_?rSL30/pI^$iI
ladavis;"<!iB*+u38.0)k@(X:IG4:[7mK""]nT(DT?"
aldavis-3;UMYy3HIbW!wLP
kelewis-2;DXtmL&^BD1N1%-!:UzP1Zt+bi&P%i>9LL
lithomas;W1R3-gIAnT-R3LY-DAd-fLaky
lodavies-2;sm*PIrmUND10x
recox;QJ169_*ek8)92W^-JJnJ](-j8))@>X3X
admin-memitchell;L1Ne-SteAM-FREtFu1-@!r-rA1l
alwilson;cRIMe-outstanD!ng-suG@R-nIc3-AttR4ct1ve
adclarke;YcUJQGiowqNaH
rarodraguez-3;Yrb!Czg1MGsZ1BwpkcS*c6(xe>#Pb:@ik
laphillips;kt&/4H#M#sMhwuI$<+ET7qK$Nfr5KggFv
ocrose;G10Ssy-WeLL-0Ff-S0rDID-no!SeleSS-4!!kE
jawilson-2;inY3rQRFeEwKw
chjackson-2;Re4d-THe-h0N3ytoK3n-DoCwcfPWLuUZDR
cawilliams;jaM-PUN1Sh-LimPINg-dROP-S1gN4l
bralexander-3;"ivr$0S(O:""=EaVQlA9+_zN.z`(uN""7P5K"
tralexander;pm3DmWVHgCcMk
maclarke;zEPhyR-kindHE@rT3D-e4rn-Tr4in-!Ndustr!oUS
niphillips;G<Jo7.]9I-in=BAl!,lMJl2DoY+=r]?
jajones;SMexx3UQM*YDj
jalewis-2;AsgWtJCPJMFHt
mijohnson-2;HObbi3S-4ftERno0n-FE4RlESs-she1F-c@ve
camitchell-2;yEllOw-FRy-cuRT@In-Nasty-S1NK
edali;EDfSis4uQyKeo
sodavies;HanDlE-To0ThbRUSH-cUr3-GIr1S-WOrTH!esS
sualexander;Rp8k8c+(Qz[#PFjQnnT$J<7BQ/4]FTs1^
samitchell;honeYPAssw0rdm
joali;uKDPWyTmmjnWr
eralexander;Hq0ULESrJwfFJ
cldavis;he*uou1ZafN1l
kodavies;p4oCJfyAyIb!y
retaylor;g-Tw0SNE[6,%%0.x1#,,i^lo)aD+cAXP
elkhan;INconcLusive-R!ghtfu!-cLean-PIgS-p!Ug
strodraguez;"0XzZWgFDN(S`(.\Kgt4<J""I^Vo1MY_X3"
vagrant-9;qtk0HGVnjc0m!
meali;JtzRhx0hqcs1h
azureuser-66;EfuDcakAgQNY1
majohnson-4;CuYcakFYygwcO
vismith;LWh!IR3jfCLtq
cataylor;GMUDImt3t>_.o7EEhaU?3olCU5-5^lCbd
lataylor;PUNCh-d3T4!!eD-r3prOdUce-m@sS-H34t
elmason;hSnqRRDUtpD*N
fadavies;@Tft:qi1RMXn(()X[/E5$xa)CL?Z/[,$
stwilliams-2;3VwZ0zfPKOx!T
lawilliams;&&\DhuQacOFwpa\jR,NLua@M,W%v8)_T
admin-lilewis;CwDydHrVW@juR
dajohnson;f41Se-HEaDY-fIrEmaN-ROSe-0sS!F13d
anjackson;P2f9^v<\'9[WW)uq\$TRY$6L&zLxI@
masmith-4;hjuItG3fYwhPm
lejackson;"o?,ZI?!""Ov=44gUbZjw4u)Ixs]d9GBhE"
jejackson;We4!TH-teaCh!NG-CaRt-h4MMEr-@fR@ID
isdavis;VH!rtWonrSPWr
bewilliams;nCkphMGIM43x*
pewilson;?>AG5'y@IS\Q]]/n`TEAN5tV[G!,H)V
bralexander-2;F@K3@Dm1n12
cismith;puMPed-ProFusE-valu@DL3-MIdDLE-LAtE
hosmith;ewEDbLoFWHTzH
caclarke;Jcq?&KLPn_)nB9/>s8XjkX]fse@hHH/\@
demason-2;!UCKy-oDt4IN4D1e-SNaIL-PRot3St-taN
admin-tywilliams;s0NG-fo!D-INSt!nCTIVe-h4Te-Gleam!ng
cataylor-2;NYJANH*jQ4OJN
blmitchell;DlUsH-TeASe-regret-tRITE-jeaNS
krmitchell-2;ShiP-P!pe-M1N0R-jo!N-F1Uffy
jejohnson-3;D!tT3R-cRu3L-3XOT1c-acCePt-1nClUde
moalexander;dTvVjaeCdEGMp
hawilson;uQW/DaO0FHY-q(n?y#3r'*VA1wa?\2'0
salewis;=[urqz5C3=7<zZ-[Tzt+=k$&8ELrmAT
samason;s!ytDxAohRvVW
makhan;"4xZ""w+n>KYl1X$nv?JP$J4zGN6Ohox]?>"
recox-2;zNLNnhy3oXW3Z
kecox;SHR11L-cUT-!!MPIng-DooKS-l3th@l
elthomas-2;T!Ck1E-TeeNy-tiNy-curV3-f4rM-W31l-madE
anmitchell-2;CkFPYChWpAxDQ
yeclarke;DvmrykUj4nVvf
issmith;JhH,NVpy![tS'(pZ,7TMY,7OWA-tj\7(
shmitchell;MuEeAdH@tCQKg
trmason;HlQAmVa1FVzhM
lalewis;f@k3@dM!n12
kethomas;bHvlXgE*kLRjI
riali;pLEaSaNt-l3Wd-r@SPy-G4UdY-FUMbLiNg
amjackson-2;t[JYFaF`-8E3\?*tV1kol)eZwfp9I##x
isphillips-2;"->e+J%37<..IjDF!J?hT6Ez""a>""YU/i?z"
keali;9yuq8Z>1U1^yf(\A_q`.\8w`(qo&O1U5q
gecox;PLtegrvgMvpr@
lemason;WSTdusCWTCVQf
kipatel;UeRmIYpMR*cO@
lijohnson;EDuC4T3-F!sH-gRE3dY-d1RTy-Sn0R3
kadavies;dDQGZDgCcDnOO
dalewis-2;D1rEFUL-SOGGY-nUL1-dAMAG!ng-uPp!TY
jathomas;D!uE-EyeD-giddy-1IV1Ng-!NFamOus-orgAnic
jataylor-2;y<D9v75K$^-=ukzZE1s2x2U^?6./fqj?
coclarke;hPWjXqMsvjWDR
brali-2;R3POrt-QU!lt-GrOtESQU3-e4GER-InTeRest
krdavis;DrOWN-pOkE-SignAl-1ick-c0oL
kajackson-2;knOWING-fo11Ow-riGid-bIt3-siLVEr
ulbrown;lOCk-cut-moUNT4!nOus-sT4!3-AbaCk
huali;.ckt#tA!\%uW9Gdi5$Hk(0!_&HXo\si,%
masmith-3;UDzOrfoPVPDet
jejames;DwWvCDmh*rFwu
mipatel-2;kKtXGxZLbDOGi
marose-4;HtwnJu0Zrdbtu
majames-3;!Ub!@aGRprkeR
shbrown-2;hdjnfNVssTSJE
tophillips;roTTEn-delirIous-PHoNE-SUDtraCT-suMMEr
pawilson;s1FkDb0QPgRSH
arwilliams;gXNKHbtNpQxy!
incox;*ZVFiVAyqokRc
hidavies;"(z)t^:P4Y^qN/c<jL!""V2!1yWRK[n29J"
gedavis;AEz6z:xZ^7@$,c@0W(WB8]$tooc5E?5+
amkhan;pKUYFtMgsTyde
serose;eQIEKEETRgCeV
tothomas;"y=,3euv""x<K>l*v-p]8<H/fMtj$Yzs<&7"
brjones;GymqxGV*MhJuF
dedavis;twwDPrRUwlqKO
maclarke-2;sq3gmJpmhr!Y@
crclarke;uZ!ahDDlkZFUu
frlewis-2;uPAenreKUG4JP
alwilson-2;M@rRy-P14neS-sE1F!sH-kiNdh34RtED-DuCkEt
varose;5(<[y:@B16r#:8[i[2+rzMCaI18Vi%<WA
jopatel;GYDRywnurNccu
shpatel;b@TH-quizzICAL-sUgAR-c0nsc!OuS-3NTErTA!N
alclarke;QqG$yI2.Uqd!FawP@l#!u@Ee71Bq(#u=H
jepatel;Yu1PoDHdDmcpO
chjames;"#!""6Ja9,cLU?d[z]jSlR3]X@J#8`<g?AN"
cadavis-2;yDdpDnnyaT0mm
arali;1rriT@ting-c0MPlEt3-sootHe-m0aN!ng-stRENGtH3N
mawilliams-2;cxcCPMvPcL!CT
nithomas;_TqwmIM)`W<@5oBmSUBHR@5hA3'TVsWx<
kajackson;HmuyYdCtNhD!W
dwbrown;a4zfmdkvytarp
pealexander;>7R?Vt!ado7U%s\>7=W+4wqzMjQz5a^A
mipatel-4;MJViuRwJvtjbj
rowilliams-2;kmct!XNTqSztv
amalexander;JT0HcC4Xkyy1S
gedavies;O<^p]N*Tw8(9,T&drE(gZuWt?j>_Vk)(8
cabrown;SITeMbYcWPmrV
mapatel;gv0MMzfVygTkK
blwilson;TRaY-gR33T-UnTidY-v!3w-gRuMpY
gecox-2;"]QL5c#4>*3O""+Qg_kUp_,s]6f&(.oFt""C"
alroberts;ENtERT4iNING-gRuMpY-hEav3nlY-F1n3-hUm
amjohnson;"b""J):!g0waTczP7`C@+@/F""vnqmk*cp<"
tymason;ljVGsQlwudj1N
elthomas;ZKxJMORzOGhow
audavis;wRZrWGIUkyCqR
japhillips;4wVLqC@fw1YqZ
dedavies-3;]9av#tSvg[*-I,s/6G5.,440qf/lg[7pA
rewilliams;WeLL-m4D3-plA1N-UN@bLE-GU!!TLess-s4W
caalexander;xoJzMHCUrIXvR
kabrown;"#!M'etHG+Emu&XONeq[6_Y-.u""N:BzAlP"
pasmith;F4ke@CcOuNT
cecox-2;yTevuYsidHd!c
mijohnson;p3dAl-overRATED-D1!NK-dARE-tiGHt
detaylor-2;PcSiPrCEy3n0V
shrose;xvZULULD!gUTQ
guest-stclarke;YstOZ1vnpLbmw
pi-esjackson;p0S1TIOn-FU1L-c@1CuL4T3-QU1Lt-pRotecT1vE
aldavis-2;NUtriTI0us-MiND!eSS-d3sCr!PTivE-P4n-OUTrAG3OUS
lojones;aMsgw1C3qZlQo
ancox;gir!s-cO10Ur-G!FT3D-b@by-p1nK
kodavis;yzygCV1OKgkWS
beclarke;mIXeD-F0Rk-pREv!oUS-ScrEw-ODseRVe
gipatel;Z3SojPKgrkxyW
joroberts;"n&E=vuolGpJd+""&eMURWrPusOre%+3uzq"
sojackson;sAwmz=Z2oOpGfCmF$aGWAU?N6![1?!&j6
eljohnson;VUkSh6d2VmvVYWo0$4$z6<(7\Fthf3nD:
demason;YDDotQNnVvyDk
admin-dewilson;"ol6pGNY=D]TaPwDAyT$>1$G.-QSVG4k+"""
kyrodraguez;Ha1RCUT-po!iSH-ovERF10w-jEw31-ir4TE
suphillips;UvlerbynyDceD
jowilliams;HgYapZ@onbOcU
siphillips;*YNQ1sZIwj!3H
tejohnson;Sp0okY-F4IRi3S-kn0TtY-crACKeR-gEnEr4!
jeali;X4oofDK3uxaDp
phsmith;RA@>dHy,A8D<+,T<<?+zyvk82LkYON/0b
artaylor;@uKkn!bDXbIFl
mecox;":7%"",M$j$@Royq=qeHUZs-X=j3>CE'`D4"
temason;KptfUMFdxvf@P
chjackson;u?=4p[v$G_bPOiY^'H.@<mxG]cK:\j0-t
cacox;h!johunVt*scV
puppet-71;UZSEg!Sq0sKJ*
stbrown;duVpkx*sYQmZV
vilewis;*KfTZNVpw3JRY
emclarke;desERTEd-p!pE-t3EtH-ST0P-cO4cH
derodraguez;vULg@R-RitzY-DReSs-SM31l-Jo1Ly
madavis;rsx1m4gMn@c1A
fapatel;7z3J^z,ROgPFjlXAff4wQ&BO38L466ilB
paroberts;p>MCD)Y[f,tHVE-])Jd_HEj@fK]kQHZ%
shjones;UNIquE-SombER-RO0T-waST3fU!-Fo1l0w
hujackson;M)C,mmkR%-<#yQzvXW<@2Rt6.xVlwMY^
beali;rlGMYyocPuC!0
debrown;RwOtzhhmdPzps
majackson;B^F+b<14&4R$04AeL/mjTr`j']Yziun.
info-bubrown;XGwYtu3aqqCFf
grroberts-2;(u&D>PDNO/[ay-5i'5*3,.17!oq>jn,_
marose-3;`#C?308GT\vp?4zE]%W<qWaTvCWzq$R)J
jilewis;YQDCOPdp*S1ot
kasmith-2;z1PsIch4otkHn
dojackson;bhbvt0RpxzpGm
derose;O0GxPprcILzAN
remitchell;eDUcated-scen3-GRaD-DEgr3e-bIKEs
tomitchell;UvS_#Us8-yhc:7nKma!-tCSAd!K>V)Bc
guest-dajohnson;4F=wb]AzhW2\1u1%K/MZk9'x_edQJt+
mimitchell;HvYTOPDwVSADJ
mamitchell-2;WE!c0mE-sMaRt-HOsPiTADL3-dUCks-dec3Iv3
deroberts;yzFN43SFlYDmx
sarodraguez;KlQnzkKOCMWeu
saali;v-6&+W,n]&QsSUQRL?y<h3?h8'HIlEZA
brmason;SSnmPt4tyvZ!!
ahroberts;XCFCgDrqajjbW
maroberts;sQu@Re-ODs01EtE-CEm3t3ry-Ch4NgE-h0DD1es
dyrodraguez;AwwESnUofDWld
auclarke;gRoUp-Slim-@MUsed-Pr34Ch-gu4r4NTEE
krcox;SPOnGe-R@inSTorM-DOub1E-4CTor-us3D
damason;&yZ^-cQ8Zqq_\Ss-q_alb(if)fF<qtf(
salewis-2;uscehhKZSUDPp
krdavis-2;M3!ted-SubSTANC3-aGgR3SS!Ve-courAgEouS-F@CT
daali;ArT-wRy-DIST1nCT-TE1!INg-TEST
pacox;yMreGJWskbNGe
seclarke;GcksMrOj0UGHD
frjackson;sCQSTH!uwAunG
ansible-64;*mHDEA1kYIJvJ
erdavis;jyV1MkRtjYGzw
anphillips-2;"lqkd3cm>0xfaYo&K9q>""`esl:['M^N!#"
loroberts;Gjd1vUfwWLGhd
lijackson;KvEIwUCvIOWYf
drsmith;RiCjGfonou!hm
letaylor;DuTT0N-Prot3ST-oDScene-ThougHTFu!-rA1NST0Rm
bralexander;tIJ3g\Hy>tU_,)Nm^?kNnE1d\Tv$'tX+C
